{
  "hash": "4ca387d7",
  "configHash": "4b318f46",
  "lockfileHash": "a9253351",
  "browserHash": "edc00613",
  "optimized": {
    "@angular/cdk/bidi": {
      "src": "../../../../../../node_modules/@angular/cdk/fesm2022/bidi.mjs",
      "file": "@angular_cdk_bidi.js",
      "fileHash": "359512df",
      "needsInterop": false
    },
    "@angular/cdk/scrolling": {
      "src": "../../../../../../node_modules/@angular/cdk/fesm2022/scrolling.mjs",
      "file": "@angular_cdk_scrolling.js",
      "fileHash": "f7f20b0f",
      "needsInterop": false
    },
    "@angular/cdk/text-field": {
      "src": "../../../../../../node_modules/@angular/cdk/fesm2022/text-field.mjs",
      "file": "@angular_cdk_text-field.js",
      "fileHash": "ffcad6ba",
      "needsInterop": false
    },
    "@angular/common": {
      "src": "../../../../../../node_modules/@angular/common/fesm2022/common.mjs",
      "file": "@angular_common.js",
      "fileHash": "34283c70",
      "needsInterop": false
    },
    "@angular/common/http": {
      "src": "../../../../../../node_modules/@angular/common/fesm2022/http.mjs",
      "file": "@angular_common_http.js",
      "fileHash": "bd724ce3",
      "needsInterop": false
    },
    "@angular/core": {
      "src": "../../../../../../node_modules/@angular/core/fesm2022/core.mjs",
      "file": "@angular_core.js",
      "fileHash": "fe020533",
      "needsInterop": false
    },
    "@angular/forms": {
      "src": "../../../../../../node_modules/@angular/forms/fesm2022/forms.mjs",
      "file": "@angular_forms.js",
      "fileHash": "774e6bce",
      "needsInterop": false
    },
    "@angular/material/button": {
      "src": "../../../../../../node_modules/@angular/material/fesm2022/button.mjs",
      "file": "@angular_material_button.js",
      "fileHash": "498d3c95",
      "needsInterop": false
    },
    "@angular/material/dialog": {
      "src": "../../../../../../node_modules/@angular/material/fesm2022/dialog.mjs",
      "file": "@angular_material_dialog.js",
      "fileHash": "0b197426",
      "needsInterop": false
    },
    "@angular/material/form-field": {
      "src": "../../../../../../node_modules/@angular/material/fesm2022/form-field.mjs",
      "file": "@angular_material_form-field.js",
      "fileHash": "522a7abe",
      "needsInterop": false
    },
    "@angular/material/icon": {
      "src": "../../../../../../node_modules/@angular/material/fesm2022/icon.mjs",
      "file": "@angular_material_icon.js",
      "fileHash": "a2763a98",
      "needsInterop": false
    },
    "@angular/material/input": {
      "src": "../../../../../../node_modules/@angular/material/fesm2022/input.mjs",
      "file": "@angular_material_input.js",
      "fileHash": "ebb3aed4",
      "needsInterop": false
    },
    "@angular/material/select": {
      "src": "../../../../../../node_modules/@angular/material/fesm2022/select.mjs",
      "file": "@angular_material_select.js",
      "fileHash": "4d1485ec",
      "needsInterop": false
    },
    "@angular/platform-browser": {
      "src": "../../../../../../node_modules/@angular/platform-browser/fesm2022/platform-browser.mjs",
      "file": "@angular_platform-browser.js",
      "fileHash": "0cd99566",
      "needsInterop": false
    },
    "@angular/router": {
      "src": "../../../../../../node_modules/@angular/router/fesm2022/router.mjs",
      "file": "@angular_router.js",
      "fileHash": "0833aa27",
      "needsInterop": false
    },
    "@ngx-translate/core": {
      "src": "../../../../../../node_modules/@ngx-translate/core/fesm2022/ngx-translate-core.mjs",
      "file": "@ngx-translate_core.js",
      "fileHash": "421127a8",
      "needsInterop": false
    },
    "@ngx-translate/http-loader": {
      "src": "../../../../../../node_modules/@ngx-translate/http-loader/fesm2022/ngx-translate-http-loader.mjs",
      "file": "@ngx-translate_http-loader.js",
      "fileHash": "2e556b5f",
      "needsInterop": false
    },
    "zone.js": {
      "src": "../../../../../../node_modules/zone.js/fesm2015/zone.js",
      "file": "zone__js.js",
      "fileHash": "fbd5f841",
      "needsInterop": true
    }
  },
  "chunks": {
    "chunk-5GQSGHWF": {
      "file": "chunk-5GQSGHWF.js"
    },
    "chunk-RJYR546F": {
      "file": "chunk-RJYR546F.js"
    },
    "chunk-OPOF35B4": {
      "file": "chunk-OPOF35B4.js"
    },
    "chunk-KYPDQOJJ": {
      "file": "chunk-KYPDQOJJ.js"
    },
    "chunk-UHV4WT2L": {
      "file": "chunk-UHV4WT2L.js"
    },
    "chunk-QNNO6K3B": {
      "file": "chunk-QNNO6K3B.js"
    },
    "chunk-WC32GPH4": {
      "file": "chunk-WC32GPH4.js"
    },
    "chunk-3GTPA4TJ": {
      "file": "chunk-3GTPA4TJ.js"
    },
    "chunk-PSOPTCLF": {
      "file": "chunk-PSOPTCLF.js"
    },
    "chunk-TI7CTCSY": {
      "file": "chunk-TI7CTCSY.js"
    },
    "chunk-R444533Z": {
      "file": "chunk-R444533Z.js"
    },
    "chunk-EOFW2REK": {
      "file": "chunk-EOFW2REK.js"
    },
    "chunk-SUNW2VAT": {
      "file": "chunk-SUNW2VAT.js"
    },
    "chunk-WNFVPZHK": {
      "file": "chunk-WNFVPZHK.js"
    },
    "chunk-VFNEVWWO": {
      "file": "chunk-VFNEVWWO.js"
    },
    "chunk-PWRTIGNA": {
      "file": "chunk-PWRTIGNA.js"
    },
    "chunk-HKXS454W": {
      "file": "chunk-HKXS454W.js"
    },
    "chunk-7DPHYZ4E": {
      "file": "chunk-7DPHYZ4E.js"
    },
    "chunk-WFYNQX5G": {
      "file": "chunk-WFYNQX5G.js"
    },
    "chunk-GOMI4DH3": {
      "file": "chunk-GOMI4DH3.js"
    }
  }
}